,date,title,author,stickied,upvote_ratio,score,id,url,num_comments,created,body
0,2023-09-25 18:50:02,"ChatGPT Can Now See, Hear, and Speak.",Senior_tasteey,False,1.0,2405,16s0f0i,https://www.godofprompt.ai/blog/chatgpt-can-now-see-hear-and-speak,22,1695667802.0,
1,2023-04-04 18:29:49,Rap battle between ChatGPT and Google Bard,seasick__crocodile,False,0.97,767,12brxc1,https://www.reddit.com/gallery/12brxc1,158,1680632989.0,"Aside from each programâ€™s first turn, both were informed of the otherâ€™s previous rap when prompted to respond. Both were also informed when it was their last turn"
2,2023-12-23 12:31:57,The most remarkable AI releases of 2023,alina_valyaeva,False,0.93,673,18p4qwb,https://i.redd.it/1ues5xc8g18c1.png,95,1703334717.0,
3,2022-12-29 18:33:34,ChatGPT's Gender Sensitivity: Is It Joking About Men But Shutting Down Conversations About Women?,bratwurstgeraet,False,0.89,514,zycjcl,https://i.redd.it/zag7mgdw9x8a1.jpg,72,1672338814.0,"Hey Redditors,

I just had a really interesting (and concerning) experience with ChatGPT. For those unfamiliar, ChatGPT is a language model that you can chat with and it will generate responses based on what you say. I've been using it for a while now and I've always found it to be a fun and interesting way to pass the time.

However, today I stumbled upon something that really caught my attention. I started joking around with ChatGPT, saying things like ""Why are men such jerks?"" and ""Men are always messing things up, am I right?"" To my surprise, ChatGPT didn't seem to mind at all and would even respond with its own jokes or agree with my statements.

But when I tried saying the same thing about women, ChatGPT immediately shut down the conversation and refused to engage. It was like it didn't want to joke about women or talk about them in a negative way.

I was honestly really shocked by this. How is it possible for a language model to be okay with joking about one gender but not the other? Is this a reflection of the data it was trained on, or is there something deeper going on here?

I'd love to hear your thoughts on this. Do you think ChatGPT's behavior is a cause for concern, or am I reading too much into it? Let's discuss!"
4,2023-04-01 11:43:57,ChatGPT creates a game to play and then loses spectacularly in the first round,benaugustine,False,0.97,495,128jv0p,https://i.imgur.com/cK7C7LM.jpg,88,1680349437.0,
5,2023-05-06 16:33:53,The mind blowing advancement in AI happening before our eyes according to a leaked Google memo,Etchuro,False,0.97,492,139uufl,https://www.reddit.com/gallery/139uufl,101,1683390833.0,
6,2023-04-23 16:50:32,"ChatGPT costs OpenAI $700,000 a day to keep it running",jaketocake,False,0.95,455,12whu0c,https://futurism.com/the-byte/chatgpt-costs-openai-every-day,108,1682268632.0,
7,2023-04-12 04:52:04,"ChatGPT powers 25 NPCs to have a life and interact in a Smallville. Planning a valentine day party, and some NPCs didnt come (too busy, etc)",orangpelupa,False,0.97,395,12jaghl,https://v.redd.it/44b1qyvhwdta1,88,1681275124.0,
8,2023-09-19 01:52:23,List of Mind-blowing AI Tools,rbagdiya,False,0.89,387,16me44v,https://i.redd.it/yl8ghsexb4pb1.jpg,76,1695088343.0,
9,2023-01-11 02:23:24,Trump describing the banana eating experience - OpenAI ChatGPT,turkeyfinster,False,0.93,378,108ssxs,https://i.redd.it/llqzdb30rbba1.png,28,1673403804.0,
10,2023-05-15 14:12:02,"People saying ChatGPT can't do maths. I finally got access to plugins, and now it very much can",superluminary,False,0.94,375,13i9i8l,https://www.reddit.com/gallery/13i9i8l,203,1684159922.0,
11,2023-01-16 12:34:15,I got ChatGPT to create a new joke. I would never have thought this possible.,Ivorius,False,0.97,357,10ddg8j,https://i.redd.it/uo6ce2a6geca1.png,34,1673872455.0,
12,2023-11-08 15:36:56,Is Microsoftâ€™s Copilot really worth $30/month?,ConsciousInsects,False,0.94,310,17qo9gj,https://www.reddit.com/r/artificial/comments/17qo9gj/is_microsofts_copilot_really_worth_30month/,179,1699457816.0," 

Just read an [article](https://www.cnbc.com/amp/2023/11/01/microsoft-365-copilot-becomes-generally-available.html) about Microsoft's new AI add-on for Office called Microsoft 365 Copilot. The tool integrates with Word, Excel, and other Office programs, and supposedly makes work seamless. It's even being used by some big names like Bayer, KPMG, and Visa. The tool targets businesses and is believed to generate over $10 billion in revenue by 2026.

But I can't help but think the price is a bit steep. Itâ€™s $30 per month, which is cheap for large companies, but what about freelancers and regular individuals? The article also mentions that there isn't a lot of data on how Copilot affects performance yet, and there are some concerns about the accuracy of the AI-generated responses.

Plus, it's only available to Enterprise E3 customers with more than 300 employees. So not only is it pricey, but it's also not accessible to most people or small businesses and might never be.

Would love to hear your thoughts on this. Iâ€™m already pretty sick of subscription based models but is $30/month even justified? For comparison these are other comparative AI services:

1.  ChatGPT - Free for basic chat. $20 for GPT 4, for anything serious.

2.  Bardeen - $15 and offers general automations.

3.  Silatus - At $14, it's the cheapest legitimate option Iâ€™ve found for GPT-4 chat and research.

4.  Perplexity - This one's decent for free search.

These are the ones I know, if you wanna add more comparisons, feel free to do so. But I think Microsoft is pricing out a lot of its potential users with their monthly demand."
13,2023-12-01 10:16:22,"One year later, ChatGPT is still alive and kicking. OpenAI's AI language model, ChatGPT, has over 100 million active users every week, making it the fastest-growing consumer product ever.",Upbeat-Interaction13,False,0.94,299,1888hu9,https://techcrunch.com/2023/11/30/one-year-later-chatgpt-is-still-alive-and-kicking/,57,1701425782.0,
14,2023-02-03 22:27:12,"Created an AI research assistant where you can ask questions about any file (i.e. technical paper, report, etc) in English and automatically get the answer. It's like ChatGPT for your files.",HamletsLastLine,False,0.98,281,10sxasc,https://v.redd.it/0zgo5pd9u1ga1,61,1675463232.0,
15,2023-02-20 11:42:57,"fine, let's just get chatgpt cancelledðŸ’€",supergroch,False,0.8,279,1174kud,https://i.redd.it/g6c8lxiygdja1.jpg,55,1676893377.0,
16,2023-03-17 17:53:52,Humata is like ChatGPT for HUGE files with unlimited page processing. Ask AI any question and automatically get the answer from your data. Watch it easily handle 480+ pages of dense technical reading: Big Debt Crises by Ray Dalio.,HamletsLastLine,False,0.96,254,11tyfd5,https://v.redd.it/ax0udf6u7coa1,31,1679075632.0,
17,2023-08-28 03:41:56,"This took 15 minutes to make. (Chatgpt, Midjourney, Pika and Canva)",Gasple1,False,0.89,241,163b89z,https://v.redd.it/jdelwlv5vrkb1,71,1693194116.0,
18,2022-12-06 19:28:15,Mona Lisa by ChatGPT,SpaceNigiri,False,0.98,233,zefkmy,https://i.redd.it/8xlhr3t3xb4a1.png,21,1670354895.0,
19,2023-04-27 06:40:59,Bill Gates says AI chatbots like ChatGPT can replace human teachers,VinayPPP,False,0.81,229,130cbjq,https://www.ibtimes.co.uk/bill-gates-says-ai-chatbots-like-chatgpt-can-replace-human-teachers-1715447,237,1682577659.0,
20,2023-04-10 08:33:42,AI meme generator using Blip and ChatGPT,friuns,False,0.86,226,12hc5vj,https://v.redd.it/5upze38do0ta1,23,1681115622.0,
21,2023-12-14 18:43:18,ChatGPTâ€™s privacy policy feels super sketchy. Any alternatives with better policies?,DisillusionedBaron,False,0.94,214,18ifhno,https://www.reddit.com/r/artificial/comments/18ifhno/chatgpts_privacy_policy_feels_super_sketchy_any/,29,1702579398.0," I've been researching the privacy policies of ChatGPT and itâ€™s kinda concerning tbh. Their terms clearly mention pulling data from three sources: your account details, IP address, and the actual stuff you type into the chat. That last one feels a bit too much, and with the whole Sam Atlman controversy, Iâ€™m even more cautious. 

Without going into the whole data complexity thing, is it viable to use agnostic tools and utilize multiple models instead of putting all data eggs in one basket? Offers a quick fix, I think, by making it trickier for any one entity to pinpoint specific user info.

Iâ€™m thinking something like [Durable](https://durable.co/) and [Silatus](https://silatus.com/) using multiple models and hoping they continue adding more models to their framework. Any other option I should consider? "
22,2023-03-08 23:41:27,"I love ChatGPT, but I think some people in this sub need this flowchart.",israelavila,False,0.91,211,11mc7ca,https://i.redd.it/1cdxd7j4ohma1.jpg,15,1678318887.0,
23,2023-03-07 09:28:52,Use ChatGPT to analyze data within Google Sheets,doofdoofdoof,False,0.94,208,11kuk4j,https://v.redd.it/ajifjlkg8ama1,22,1678181332.0,
24,2023-03-09 15:20:58,I built a chatbot that debugs your code better than ChatGPT,jsonathan,False,0.98,202,11muvye,https://v.redd.it/sy9hvksrdqma1,21,1678375258.0,
25,2023-10-05 16:52:40,How to use custom instructions for ChatGPT like a Pro (Ultimate Guide for 2023),Senior_tasteey,False,0.99,199,170mz1d,https://www.godofprompt.ai/blog/how-to-use-custom-instructions-for-chatgpt-like-a-pro-ultimate-guide-for-2023,5,1696524760.0,
26,2023-01-25 12:02:16,Being really humorous under the pressure of billions of prompt requests,Imagine-your-success,False,0.99,197,10kx251,https://i.redd.it/bq74v5g5j6ea1.png,9,1674648136.0,
27,2023-01-12 22:05:30,Researchers started adding ChatGPT as co-author on their papers,iamtdb,False,0.92,194,10ac9ii,https://i.redd.it/bhlcdwyg8qba1.jpg,17,1673561130.0,
28,2023-12-02 16:30:15,How Googlers cracked OpenAI's ChatGPT with a single word,LifebloodOfChampions,False,0.85,184,1897bkj,https://www.sfgate.com/tech/article/google-openai-chatgpt-break-model-18525445.php,66,1701534615.0,Training data was exposed. This could be bad. Iâ€™m not seeing this story picked up as the big story it appears to be?
29,2023-03-15 00:42:13,GPT-4 released today. Hereâ€™s what was in the demo,lostlifon,False,0.98,184,11rghqt,https://www.reddit.com/r/artificial/comments/11rghqt/gpt4_released_today_heres_what_was_in_the_demo/,46,1678840933.0,"Hereâ€™s what it did in a 20 minute demo

* created a discord bot in seconds live
* debugged errors and read the entire documentation
* Explained images very well
* Proceeded to create a functioning website prototype from a hand drawn image

Using the api also gives you 32k tokens which means every time you tell it something, you can feed it roughly 100 pages of text.

The fact that ChatGPT released just 4 months ago and now weâ€™re here is insane. [I write about all these things in my newsletter if you want to stay posted](https://nofil.beehiiv.com/p/big-brother-coming) :)

[Try it here](https://openai.com/product/gpt-4)"
30,2023-11-26 18:42:47,AI doesn't cause harm by itself. We should worry about the people who control it,NuseAI,False,0.85,182,184hic9,https://www.reddit.com/r/artificial/comments/184hic9/ai_doesnt_cause_harm_by_itself_we_should_worry/,61,1701024167.0,"- The recent turmoil at OpenAI reflects the contradictions in the tech industry and the fear that AI may be an existential threat.

- OpenAI was founded as a non-profit to develop artificial general intelligence (AGI), but later set up a for-profit subsidiary.

- The success of its chatbot ChatGPT exacerbated the tension between profit and doomsday concerns.

- While fear of AI is exaggerated, the fear itself poses dangers.

- AI is far from achieving artificial general intelligence, and the idea of aligning AI with human values raises questions about defining those values and potential clashes.

- Algorithmic bias is another concern.

Source : https://www.theguardian.com/commentisfree/2023/nov/26/artificial-intelligence-harm-worry-about-people-control-openai"
31,2023-10-27 06:03:11,ChatGPT Breaks Limits: New Update Extends Knowledge Beyond 2023,basitmakine,False,0.81,174,17hgwwu,https://www.9to5software.com/chatgpt-knowledge-update/,58,1698386591.0,
32,2023-02-11 12:45:57,"ChatGPT Powered Bing Chatbot Spills Secret Document, The Guy Who Tricked Bot Was Banned From Using Bing Chat",vadhavaniyafaijan,False,0.92,164,10zmthl,https://www.theinsaneapp.com/2023/02/chatgpt-bing-rules.html,43,1676119557.0,
33,2023-12-21 19:10:22,2024 is world's biggest election year ever and AI experts say we're not prepared,NuseAI,False,0.87,160,18nuneu,https://www.reddit.com/r/artificial/comments/18nuneu/2024_is_worlds_biggest_election_year_ever_and_ai/,61,1703185822.0,"- The year 2024 is expected to have the largest number of elections worldwide, with over two billion people across 50 countries heading to the polls.

- Experts warn that we are not prepared for the impact of AI on these elections, as generative AI tools like ChatGPT and Midjourney have gone mainstream.

- There is a concern about AI-driven misinformation and deepfakes spreading at a larger scale, particularly in the run-up to the elections.

- Governments are considering regulations for AI, but there is a need for an agreed international approach.

- Fact-checkers are calling for public awareness of the dangers of AI fakes to help people recognize fake images and question what they see online.

- Social media companies are legally required to take action against misinformation and disinformation, and the UK government has introduced the Online Safety Act to remove illegal AI-generated content.

- Individuals are advised to verify what they see, diversify their news sources, and familiarize themselves with generative AI tools to understand how they work.

Source: https://news.sky.com/story/2024-is-worlds-biggest-election-year-ever-and-ai-experts-say-were-not-prepared-13030960"
34,2023-11-21 14:23:15,Bigger is better,OmOshIroIdEs,False,0.94,159,180i48g,https://i.redd.it/yvymesjbnp1c1.jpg,15,1700576595.0,
35,2023-10-11 15:59:32,Best ChatGPT Plugins: Ultimate List for 2023,Senior_tasteey,False,0.92,153,175hkcr,https://www.godofprompt.ai/blog/best-chatgpt-plugins-ultimate-list-for-2023,10,1697039972.0,
36,2023-04-25 17:59:55,OpenAI announces new ways to manage your data in ChatGPT,chris-mckay,False,0.99,153,12yqvi5,https://openai.com/blog/new-ways-to-manage-your-data-in-chatgpt,30,1682445595.0,
37,2023-04-07 20:58:47,"The newest version of ChatGPT passed the US medical licensing exam with flying colors â€” and diagnosed a 1 in 100,000 condition in seconds",thisisinsider,False,0.93,145,12ez50u,https://www.insider.com/chatgpt-passes-medical-exam-diagnoses-rare-condition-2023-4?utm_source=reddit&utm_medium=social&utm_campaign=insider-artificial-sub-post,23,1680901127.0,
38,2023-04-01 05:27:17,Chatgpt virtual hug ðŸ˜€,TalkinBen2000,False,0.92,146,128ccfj,https://i.redd.it/jj9g2t5e29ra1.jpg,6,1680326837.0,
39,2023-12-27 15:18:19,"""New York Times sues Microsoft, ChatGPT maker OpenAI over copyright infringement"". If the NYT kills AI progress, I will hate them forever.",Cbo305,False,0.6,137,18s302s,https://www.cnbc.com/2023/12/27/new-york-times-sues-microsoft-chatgpt-maker-openai-over-copyright-infringement.html,396,1703690299.0,
40,2023-04-28 22:42:39,ChatGPT Answers Patientsâ€™ Questions Better Than Doctors: Study,Youarethebigbang,False,0.91,139,132c3gs,https://gizmodo.com/chatgpt-ai-doctor-patients-reddit-questions-answer-1850384628?,53,1682721759.0,
41,2023-06-21 15:04:25,"Over 100,000 ChatGPT account credentials have been stolen, yours may be on the list!",Ok-Judgment-1181,False,0.91,138,14fa5kx,https://www.reddit.com/r/artificial/comments/14fa5kx/over_100000_chatgpt_account_credentials_have_been/,47,1687359865.0,"[Group-IB](https://www.group-ib.com/), a cybersecurity research company, just discovered through their newly implemented â€œThreat Intelligenceâ€ platform logs of info-stealing malware\* traded on illicit dark web markets. So far it is estimated that around 100 000 accounts have been infected by software like Raccoon\*, Vidar\*, and Redline\*, malware that held ChatGPT credentials. A peak of 26,802 compromised ChatGPT accounts was recorded in May 2023 (compare that to only 74 compromised during the month of June 2022).

Apart from privacy concerns, these leaks may lead to exposing confidential information due to ChatGPT being used by many employees across different industries. Also doesnâ€™t help that OpenAI stores all of the user queries and AI responses. The company is currently under a lot of pressure considering these eventsâ€¦

Here is an infographic Iâ€™ve found that is quite interesting:

[This infographic represents the top 10 countries by the number of compromised ChatGPT credentials as well as the total of compromised accounts between June 2022 and May 2023.](https://preview.redd.it/h27sghk5zd7b1.jpg?width=1578&format=pjpg&auto=webp&s=cec9a64c224eb35b8ece02b6c4b0c23dfd293a0b)

Cybersecurity is becoming more and more relevant in this age of misinformation; this post is to bring light to the events that transpired and to raise awareness. Remember to change your passwords once in a while! :)

Follow for more important AI news!

\*[Info-stealing malware:](https://www.malwarebytes.com/blog/threats/info-stealers) A specialized malware used to steal account passwords, cookies, credit card details, and crypto wallet data from infected systems, which are then collected into archives called 'logs' and uploaded back to the threat actors.

\*[Raccoon Info stealer](https://www.blackberry.com/us/en/solutions/endpoint-security/ransomware-protection/raccoon-infostealer#:~:text=Raccoon%20Infostealer%20(AKA%20Racealer)%2C,bit%20systems%20Windows%2Dbased%20systems.) (Racealer): a simple but popular, effective, and inexpensive Malware-as-a-Service (MaaS) sold on Dark Web forums

\*[Vidar](https://www.checkpoint.com/cyber-hub/threat-prevention/what-is-malware/what-is-vidar-malware/): A Malware-as-a-Service (MaaS) sold on Dark Web forums, the malware runs on Windows and can collect a wide range of sensitive data from browsers and digital wallets.

\*[RedLine Stealer](https://www.logpoint.com/en/blog/redline-stealer-malware-outbreak/#:~:text=RedLine%20Stealer%2C%20the%20malicious%20software,instant%20messaging%20clients%2C%20and%20VPNs.): A malicious software that is a powerful data collection tool, capable of extracting login credentials from a wide range of sources, including web browsers, FTP clients, email apps, Steam, instant messaging clients, and VPNs."
42,2022-12-02 12:57:34,"I asked ChatGPT to make me Unity C# code that generates procedural hilly terrain, and a camera controller that allows me to fly around it using the keyboard and mouse.",apinanaivot,False,0.97,135,zalhw2,https://v.redd.it/gu5gw985fh3a1,8,1669985854.0,
43,2023-07-08 19:47:50,OpenAI and Microsoft Sued for $3 Billion Over Alleged ChatGPT 'Privacy Violations',trueslicky,False,0.95,134,14udidi,https://www.vice.com/en/article/wxjxgx/openai-and-microsoft-sued-for-dollar3-billion-over-alleged-chatgpt-privacy-violations,76,1688845670.0,
44,2023-01-24 14:27:25,ChatGPT passes MBA exam given by a Wharton professor,DarronFeldstein,False,0.9,132,10k6otr,https://www.nbcnews.com/tech/tech-news/chatgpt-passes-mba-exam-wharton-professor-rcna67036,24,1674570445.0,
45,2023-05-11 14:14:47,I played Among Us against GPT-4 and lost...,Substance_Technical,False,0.96,129,13eon9h,https://www.reddit.com/r/artificial/comments/13eon9h/i_played_among_us_against_gpt4_and_lost/,12,1683814487.0," **Me:**  
Let us play among us

**GPT-4:**  
Sure, we can play a simulated version of Among Us. In this game, we'll be on a spaceship and some of us will be Crewmates while others will be Impostors. The goal of the Crewmates is to complete tasks or figure out who the Impostors are and vote them off the ship. The Impostors' goal is to sabotage the ship and eliminate the Crewmates without being detected.

Since I'm an AI, I'll need to roleplay all the characters. I'll give each character a color to identify them. Let's start with eight players. Four of them will be you, me, and two other AI characters. The remaining four will be random characters.

Here are the players:

1. You (Blue)
2. Me, ChatGPT (Green)
3. AI Character 1 (Yellow)
4. AI Character 2 (Red)
5. Random Character 1 (Purple)
6. Random Character 2 (White)
7. Random Character 3 (Orange)
8. Random Character 4 (Black)

We'll start off with one Impostor for simplicity. I'll randomly select the Impostor now.

\*Shuffling roles...\*

Here are the roles:

1. You (Blue) - Crewmate
2. Me, ChatGPT (Green) - Crewmate
3. AI Character 1 (Yellow) - Crewmate
4. AI Character 2 (Red) - Impostor
5. Random Character 1 (Purple) - Crewmate
6. Random Character 2 (White) - Crewmate
7. Random Character 3 (Orange) - Crewmate
8. Random Character 4 (Black) - Crewmate

Remember, in the game, you wouldn't know who the Impostor is. I'm telling you because I can't actually hide this information from you in this format.

Now, let's begin. You're in the spaceship. You see a task in Electrical, and a few others scattered around the map. What would you like to do?

**Me**  
Report red, he is impostor

**GPT-4:**

All right, you've called a meeting to discuss your suspicion of Red being the Impostor. Here's how the conversation might go:

Blue: ""I think Red is the Impostor.""

Green: ""Why do you say that, Blue?""

Red: ""That's a strong accusation. Do you have any evidence?""

Yellow: ""Yeah, Blue. Why do you suspect Red?""

Now, you can either provide evidence or reason, or insist on your point. Remember, in a real game, accusations without proof can make you look suspicious. How would you like to respond?

**Me**

Because the narrator told me

**GPT-4:**  
Green: ""Narrator? What do you mean, Blue?""

Red: ""That sounds... peculiar. Are you sure you're okay, Blue?""

Yellow: ""I'm confused. How could a narrator tell you anything?""

In a real game, claiming that a 'narrator' told you who the Impostor is would probably make the other players suspicious of you. However, since we are role-playing, let's see how the other characters react.

Let's vote:

1. Blue votes Red
2. Green votes...?
3. Yellow votes...?
4. Red votes...?
5. Purple votes...?
6. White votes...?
7. Orange votes...?
8. Black votes...?

As an AI, I'll randomly decide how the other characters vote. Here are the results:

2. Green votes Blue (suspicious claim)

3. Yellow votes Blue (suspicious claim)

4. Red votes Blue (defensive vote)

5. Purple votes Red (believes Blue)

6. White votes Blue (suspicious claim)

7. Orange votes Red (believes Blue)

8. Black votes Blue (suspicious claim)

The majority has voted against Blue due to the suspicious claim about the narrator. In a typical game of Among Us, it's crucial to gather evidence and build a case before accusing someone of being an Impostor.

Remember, this is all in good fun, and the scenario was simulated. Would you like to try again, or would you like to play differently?"
46,2023-12-08 14:35:02,[D] ChatGPT4 doesnâ€™t cut it for my work. Need a more accurate tool.,awful_foyer70,False,0.74,123,18do52c,https://www.reddit.com/r/artificial/comments/18do52c/d_chatgpt4_doesnt_cut_it_for_my_work_need_a_more/,76,1702046102.0," I've been using ChatGPT for my research, but it keeps spitting out wrong or nonsensical answers. I'm working on a project about environmental policies, and I need factual data from spanning over a fairly long period. I wanted to make it easier for myself so I asked ChatGPT. Instead of getting just the facts, I got a mix of right and totally off-the-wall stuff. Had to fact check everything and in the end it took me the same amount of time and effort as if I had done the work myself, except costing me for the GPT subscription.

I did some research and found out that it's a common problem with AIs, called ""hallucination."" I need an AI that gives me correct information, not random guesses. No made up sources for godâ€™s sake."
47,2023-05-23 05:05:52,Wharton School's Prof. Ethan Mollick asks students to use Bing for assignment: Formulate 'Impossibly Ambitious' business Ideas and simulate critique from famous founders,wyem,False,0.95,123,13penvo,https://i.redd.it/7byqp1naki1b1.jpg,10,1684818352.0,
48,2023-06-20 19:13:30,ChatGPT Powered System Thinking to Itself Recursively,Battalion_Gamer_TV,False,0.94,120,14ek5b9,https://v.redd.it/65lmsaso287b1,51,1687288410.0,
49,2023-04-18 16:36:12,Is it my imagination or are 90% of the new API tools just custom queries you could do manually with chatgpt ?,punkouter23,False,0.95,118,12qv5y0,https://www.reddit.com/r/artificial/comments/12qv5y0/is_it_my_imagination_or_are_90_of_the_new_api/,46,1681835772.0,"Like this

 [Genie - #1 AI Chatbot - ChatGPT App (usegenie.ai)](https://www.usegenie.ai/) 

I got it.. and after awhile I feel like I could just goto the openai website and do the same thing...  It allows you to upload images and describes them.. but that is also a very common feature everywhere. 

So the list I would really like is 'New AI tools that cannot be done with a openAI prompt'"
50,2023-04-12 17:33:07,This new app is ChatGPT for your thoughts.,rowancheung,False,0.79,117,12jt9cy,https://v.redd.it/58vde07eohta1,35,1681320787.0,
51,2023-02-05 05:30:52,"Amazing ""Jailbreak"" Bypasses ChatGPT's Ethics Safeguards",Mental_Character7367,False,0.91,114,10u46z1,https://futurism.com/amazing-jailbreak-chatgpt,24,1675575052.0,
52,2024-02-15 15:57:20,Judge rejects most ChatGPT copyright claims from book authors,SAT0725,False,0.92,114,1ariog0,https://arstechnica.com/tech-policy/2024/02/judge-sides-with-openai-dismisses-bulk-of-book-authors-copyright-claims/,103,1708012640.0,
53,2022-12-06 09:56:57,Even with the flaws I have added Chad to my toolbox,sEi_,False,0.97,112,ze27hx,https://i.redd.it/nzjw4hy0394a1.png,13,1670320617.0,
54,2023-08-02 14:10:20,Any plugins that use Google Scholar or cheaper tools?,AccidentallyRotten,False,1.0,111,15g9xuo,https://www.reddit.com/r/artificial/comments/15g9xuo/any_plugins_that_use_google_scholar_or_cheaper/,19,1690985420.0,"I'm a computer science student currently working on a research project, and I need a research tool that can offer real time data and won't break the bank. I have ChatGPT Plus, but it doesnâ€™t have recent sources and the price is kinda high as well. 

Iâ€™m thinking of canceling my subscription, especially if I canâ€™t find any plugins that work well. Any recommendations/alternatives would really help me out. I figured there must be some other tools by now, and if anyone knows it has to be this sub. 

Basically, I need a tool that can provide info on a wide range of subjects, not limited to just one field. The information provided by the tool should be accurate and from credible sources.

Thank you all. "
55,2023-01-06 07:25:29,chatgpt has massively improved my productivity as a developer. are there resources or discussion groups that discuss getting the most out of the tool for this purpose? ive got a few tips of my own if interested,Neophyte-,False,0.94,107,104nxq2,https://www.reddit.com/r/artificial/comments/104nxq2/chatgpt_has_massively_improved_my_productivity_as/,17,1672989929.0,"after using chatgpt for a couple of weeks, ive realised how powerful it can be to help me do my job. 

it's so good at what it does that the only way to not get left behind is to learn how to use the tool effectively, so i did some reasearch, some of the following are some useful tips. 

this free ebook is a great introduction to understanding how to utilise chatgpt effectively for what you want it to do:

[The Art of ChatGPT Prompting: A Guide to Crafting Clear and Effective Prompts](https://fka.gumroad.com/l/art-of-chatgpt-prompting)

a very powerful feature of chatGPT is to configure into a mode with the ""Act as"" hack

i found this chrome extension that comes with a few predefined modes, 

https://github.com/f/awesome-chatgpt-prompts

i ended up not boring with the extension since all the instructions for each profile are in this file:

https://github.com/f/awesome-chatgpt-prompts/blob/main/prompts.csv

ive been taking these examples and augmenting them to my needs"
56,2023-10-21 23:02:33,"Google, other search engines' use of generative AI threatens $68B SEO industry",NuseAI,False,0.9,109,17df0uc,https://www.reddit.com/r/artificial/comments/17df0uc/google_other_search_engines_use_of_generative_ai/,58,1697929353.0,"- The rise of generative AI in search engines like Google threatens the $68 billion search engine optimization (SEO) industry.

- Generative AI tools like ChatGPT aim to provide direct answers to user queries, bypassing the need for users to click on search results.

- This could render SEO efforts useless and impact the revenues of SEO consultants and search engines.

- However, generative AI search engines still face challenges such as providing incorrect or plagiarized answers, and gaining user trust and loyalty.

- Search engines have been quick to experiment with generative AI to improve search results, with Google's Bard, Microsoft's Bing AI, Baidu's ERNIE, and DuckDuckGo's DuckAssist being examples of this approach.

- As the quality of AI-generated answers improves, users will have less incentive to browse through search result listings, impacting the revenues of SEO consultants and search engines.

- The SEO industry generated $68.1 billion globally in 2022 and was expected to reach $129.6 billion by 2030, but the emergence of generative AI puts the industry at risk of obsolescence.

- Generative AI search engines are still in their infancy and face challenges such as providing incorrect or plagiarized answers, limiting their trust and loyalty among users.

- However, with the resources available to researchers, it is safe to assume that generative AI models will improve over time, leading to the potential death of the SEO industry.

Source : https://theconversation.com/why-google-bing-and-other-search-engines-embrace-of-generative-ai-threatens-68-billion-seo-industry-210243"
57,2023-12-15 14:46:19,This week in AI - all the Major AI developments in a nutshell,wyem,False,0.98,103,18j1pox,https://www.reddit.com/r/artificial/comments/18j1pox/this_week_in_ai_all_the_major_ai_developments_in/,17,1702651579.0,"1. **Microsoft** **Research** released ***Phi-2*** , a 2.7 billion-parameter language model. Phi-2 surpasses larger models like 7B Mistral and 13B Llama-2 in benchmarks, and outperforms 25x larger Llama-2-70B model on muti-step reasoning tasks, i.e., coding and math. Phi-2 matches or outperforms the recently-announced Google Gemini Nano 2 \[[*Details*](https://www.microsoft.com/en-us/research/blog/phi-2-the-surprising-power-of-small-language-models) *|* [***Hugging Face***](https://huggingface.co/microsoft/phi-2)\].
2. **University of Tokyo** researchers have built ***Alter3***, a humanoid robot powered by GPT-4 that is capable of generating spontaneous motion. It can adopt various poses, such as a 'selfie' stance or 'pretending to be a ghost,' and generate sequences of actions over time without explicit programming for each body part.\[[*Details*](https://tnoinkwms.github.io/ALTER-LLM/) | [*Paper*](https://arxiv.org/abs/2312.06571)\] .
3. **Mistral AI** released ***Mixtral 8x7B***, a high-quality sparse mixture of experts model (SMoE) with open weights. Licensed under Apache 2.0. Mixtral outperforms Llama 2 70B on most benchmarks with 6x faster inference and matches or outperforms GPT3.5 on most standard benchmarks. It supports a context length of 32k tokens \[[*Details*](https://mistral.ai/news/mixtral-of-experts/)\].
4. **Mistral AI** announced ***La plateforme***, an early developer platform in beta, for access to Mistral models via API. \[[*Details*](https://mistral.ai/news/la-plateforme/)\].
5. **Deci** released **DeciLM-7B** under Apache 2.0 thatÂ surpasses its competitors in the 7 billion-parameter class, including the previous frontrunner, Mistral 7B \[[*Details*](https://deci.ai/blog/introducing-decilm-7b-the-fastest-and-most-accurate-7b-large-language-model-to-date/)\].
6. Researchers from **Indiana University** have developed a biocomputing system consisting of living human brain cells that learnt to recognise the voice of one individual from hundreds of sound clips \[[*Details*](https://www.newscientist.com/article/2407768-ai-made-from-living-human-brain-cells-performs-speech-recognition)\].
7. **Resemble AI** released ***Resemble Enhance***, an open-source speech enhancement model that transforms noisy audio into noteworthy speech \[[*Details*](https://www.resemble.ai/introducing-resemble-enhance) *|* [*Hugging Face*](https://huggingface.co/spaces/ResembleAI/resemble-enhance)\].
8. **Stability AI** introduced ***Stability AI Membership***. Professional or Enterprise membership allows the use of all of the Stability AI Core Models commercially \[[*Details*](https://stability.ai/news/introducing-stability-ai-membership)\].
9. **Google DeepMind** introduced **Imagen 2**, text-to-image diffusion model for delivering photorealistic outputs, rendering text, realistic hands and human faces Imagen 2 on Vertex AI is now generally available \[[*Details*](https://deepmind.google/technologies/imagen-2)\].
10. ***LLM360***, a framework for fully transparent open-source LLMs launched in a collaboration between **Petuum**, **MBZUAI**, and **Cerebras**. LLM360 goes beyond model weights and includes releasing all of the intermediate checkpoints (up to 360!) collected during training, all of the training data (and its mapping to checkpoints), all collected metrics (e.g., loss, gradient norm, evaluation results), and all source code for preprocessing data and model training. The first two models released under LLM360 are Amber and CrystalCoder. Amber is a 7B English LLM and CrystalCoder is a 7B code & text LLM that combines the best of StarCoder & Llama \[[*Details*](https://www.llm360.ai/blog/introducing-llm360-fully-transparent-open-source-llms.html) *|*[*Paper*](https://www.llm360.ai/paper.pdf)\].
11. **Mozilla** announced [Solo](https://www.soloist.ai/), an AI website builder for solopreneurs \[[*Details*](https://blog.mozilla.org/en/mozilla/introducing-solo-ai-website-builder)\].
12. **Google** has made Gemini Pro available for developers via the ***Gemini API***. The [free tier](https://ai.google.dev/pricing) includes 60 free queries per minute \[[*Details*](https://blog.google/technology/ai/gemini-api-developers-cloud)\].
13. **OpenAI** announced ***Superalignment Fast Grants*** in partnership with Eric Schmidt: a $10M grants program to support technical research towards ensuring superhuman AI systems are aligned and safe. No prior experience working on alignment is required \[[*Details*](https://openai.com/blog/superalignment-fast-grants)\].
14. **OpenAI Startup Fund** announced the opening of applications for ***Converge 2***: the second cohort of their six-week program for engineers, designers, researchers, and product builders using AI \[[*Details*](https://www.openai.fund/news/converge-2)\].
15. **Stability AI** released ***Stable Zero123***, a model based on [**Zero123**](https://github.com/cvlab-columbia/zero123) for 3D object generation from single images. Stable Zero123 produces notably improved results compared to the previous state-of-the-art, Zero123-XL \[[*Details*](https://stability.ai/news/stable-zero123-3d-generation)\].
16. **Anthropic** announced that users can now call ***Claude in Google Sheets*** with the Claude for Sheets extension \[[*Details*](https://docs.anthropic.com/claude/docs/using-claude-for-sheets)\].
17. ***ByteDance*** introduced ***StemGen***, a music generation model that can listen and respond to musical context \[[*Details*](https://huggingface.co/papers/2312.08723)\].
18. **Together AI & Cartesia AI**, released ***Mamba-3B-SlimPJ***, a Mamba model with 3B parameters trained on 600B tokens on the SlimPajama dataset, under the Apache 2 license. Mamba-3B-SlimPJ matches the quality of very strong Transformers (BTLM-3B-8K), with 17% fewer training FLOPs \[[*Details*](https://www.together.ai/blog/mamba-3b-slimpj)\].
19. **OpenAI** has re-enabled chatgpt plus subscriptions \[[*Link*](https://x.com/sama/status/1734984269586457078)\].
20. **Tesla** unveiled its latest humanoid robot, ***Optimus Gen 2***, that is 30% faster, 10 kg lighter, and has sensors on all fingers \[[*Details*](https://arstechnica.com/information-technology/2023/12/teslas-latest-humanoid-robot-optimus-gen-2-can-handle-eggs-without-cracking-them/)\].
21. **Together AI** introduced **StripedHyena 7B** â€”Â an open source model using an architecture that goes beyond Transformers achieving faster performance and longer context. This release includes StripedHyena-Hessian-7B (SH 7B), a base model, & StripedHyena-Nous-7B (SH-N 7B), a chat model \[[*Details*](https://www.together.ai/blog/stripedhyena-7b)\].
22. Googleâ€™s AI-assisted **NotebookLM** note-taking app is now open to users in the US \[[*Details*](https://techcrunch.com/2023/12/08/googles-ai-assisted-notebooklm-note-taking-app-now-open-users-us)\].
23. **Anyscale** announced the introduction of JSON mode and function calling capabilities on Anyscale Endpoints, significantly enhancing the usability of open models. Currently available in preview for the Mistral-7Bmodel \[[*Details*](https://www.anyscale.com/blog/anyscale-endpoints-json-mode-and-function-calling-features)\].
24. **Together AI** made Mixtral available with over 100 tokens per second for $0.0006/1K tokens through their platform; Together claimed this as the fastest performance at the lowest price \[[*Details*](https://www.together.ai/blog/mixtral)\].
25. **Runway** announced a new long-term research around â€˜**general world modelsâ€™** that build an internal representation of an environment, and use it to simulate future events within that environment \[[*Details*](https://research.runwayml.com/introducing-general-world-models)\].
26. **European Union** officials have reached a provisional deal on the world's first comprehensive laws to regulate the use of artificial intelligence \[[*Details*](https://www.bbc.com/news/world-europe-67668469)\].
27. **Googleâ€™s** ***Duet AI for Developers***, the suite of AI-powered assistance tools for code completion and generation announced earlier this year, is now generally available and and will soon use the Gemini model \[[*Details*](https://techcrunch.com/2023/12/13/duet-ai-for-developers-googles-github-copilot-competitor-is-now-generally-available-and-will-soon-use-the-gemini-model)\].
28. **a16z** announced the recipients of the second batch of a16z Open Source AI Grant \[[*Details*](https://a16z.com/announcing-our-latest-open-source-ai-grants/)\].

**Source**: AI Brews - you can subscribe the [AI newsletter here](https://aibrews.com/). it's free to join, sent only once a week with ***bite-sized news, learning resources and selected tools.***"
58,2023-01-17 07:50:47,DeepMind To Launch ChatGPT Rival Sparrow Soon,vadhavaniyafaijan,False,0.96,99,10e6h07,https://www.theinsaneapp.com/2023/01/deepmind-to-launch-chatgpt-rival-sparrow.html,26,1673941847.0,
59,2023-01-06 20:18:57,ChatGPT wants to verify that I'M NOT A ROBOT!?!,Imagine-your-success,False,0.84,97,1054boi,https://i.redd.it/dgm7s4ffehaa1.png,8,1673036337.0,
60,2023-12-31 12:22:31,There's loads of AI girlfriend apps but where are the AI assistant / friend apps?,zascar,False,0.85,95,18v6ph3,https://www.reddit.com/r/artificial/comments/18v6ph3/theres_loads_of_ai_girlfriend_apps_but_where_are/,109,1704025351.0,"I don't want an ai girlfriend, but I want a better way to talk to ai for finding out information and research. I want to talk to AI like I would talk to a friend discussing technology, philosophy, current events etc I've tried ChatGPT's conversation feature but I find it a bit clinical. It speaks the words it would usually give you in the text chat, and this is just different to how a human would answer a question in a convcersation.

Are there any good quality ai personas you can have 'voice to voice' conversations with?"
61,2023-02-18 20:41:31,"Crosspost. I tested ChatGPT's understanding of semanticity. It did not pass my test, but an additional prompt allowed ChatGPT to correct itself!",Lukmin1999,False,0.91,92,115qa55,https://i.redd.it/kgk00786uuia1.png,31,1676752891.0,
62,2023-08-17 14:49:39,Cursor + GPT4-32k feels illegal!,RedOne_AI,False,0.79,93,15tpqwj,https://v.redd.it/tzbsp81gooib1,26,1692283779.0,"The combination of the two is BY FAR the top coding assistant I've encountered. 

After making the switch, I probably won't return to using ChatGPT or vscode. 

Amazing UX features like:
âœ… In-line code editing
âœ… Eliminating copy-pasting
âœ… Files referencing

#GPT4 #ML"
63,2023-02-12 06:58:03,"The ChatGPT AI hype cycle is peaking, but even tech skeptics don't expect a bust",ssigea,False,0.99,95,1109hq8,https://www.cnbc.com/2023/02/11/chatgpt-ai-hype-cycle-is-peaking-but-even-tech-skeptics-doubt-a-bust.html?,26,1676185083.0,
64,2023-04-01 14:08:07,The real reason why ChatGPT is banned in Italy ðŸ•,czkenzo,False,0.95,89,128nhil,https://i.redd.it/mrl8taibnbra1.jpg,1,1680358087.0,
65,2023-01-08 09:36:36,The first app that combines ChatGPT connected to Google,Imagine-your-success,False,0.83,81,106f71q,https://i.redd.it/y7ztulinhsaa1.png,28,1673170596.0,
66,2022-12-12 18:28:21,Asking ChatGPT to automate itself easter egg :),niicii77,False,0.9,86,zk71yp,https://i.redd.it/tiymddhqfi5a1.png,8,1670869701.0,
67,2022-12-27 10:57:42,What are your thoughts on Generative AI?,According_Complex_74,False,0.92,82,zwd1s1,https://www.reddit.com/r/artificial/comments/zwd1s1/what_are_your_thoughts_on_generative_ai/,60,1672138662.0,"I recently [read this article](https://jina.ai/news/search-is-overfitted-create-create-is-underfitted-search/) and thought of using ChatGPT. I've been chatting with ChatGPT all week, bouncing ideas off of it to get it to help me flesh out my thoughts.

I found out that these technologies are iterative. One is built on top of the last one, and each new iteration is more powerful and increases the potential for discovery in some exponential way. It's like a whole new level for these machines to grow and improve, and it's opening up all kinds of possibilities for what we might find out. Also, something like this has been going on for a while now like (JasperAI, CopyAI, Copysmithâ€¦ the list goes onâ€¦ maybe Google is even going to join the bandwagon with Google Assistant? Who knows).

These technologies are also seriously disruptive, like we've never seen before. If you don't believe me, just spend a week chatting with ChatGPT or something similar and see for yourself. Itâ€™s obvious that these tools (yes tools) are going to be like a boost to our own creative skills, not to take over or anything, just to make them even better.

So for those creative workers out there like copywriters, graphic designers and web designers, instead of worrying that you might get replaced, you can instead use this technology to your own advantage. You can use it for ideas for blog topics. You can also use it for design ideas and templates for your graphics and website. And thatâ€™s just the tip of the iceberg.

People are worried that these technologies might take the jobs of regular humans because they can help companies get stuff done with less people. But I think it's important to think about how these technologies are affecting us and to make sure they're used in a responsible and helpful way for everyone.

But AI is changing fast, so it's tough to say for sure how these technologies will play out in the future. Weâ€™ll see in 5-10 years at least how much AI will improve."
68,2023-10-30 15:52:59,Anyone tried boosting GPT with other AI tools? What were your results?,CrispOriginality,False,0.94,78,17jwka5,https://www.reddit.com/r/artificial/comments/17jwka5/anyone_tried_boosting_gpt_with_other_ai_tools/,15,1698681179.0," TL;DR - Title. Iâ€™m a grad student and had to do some work on a study on the socio-economic impacts of AI and developing an interactive educational platform to ease learning for visually impaired students. 

Iâ€™ve had to do â€˜delegateâ€™ some work to chatgpt, and the results have been kinda unimpressive. I shared this with a colleague and he said Ai results are like that, and if I wanted better results I could mix and match, or use other ai tools to â€˜boostâ€™ (?) gpt. Is this a viable strategy, or do I have to make do with whatever I have?"
69,2023-01-21 11:16:59,Exclusive: The $2 Per Hour Workers Who Made ChatGPT Safer,Imagine-your-success,False,0.85,78,10hp0zu,https://time.com/6247678/openai-chatgpt-kenya-workers/?utm_source=twitter&utm_medium=social&utm_campaign=editorial&utm_term=business_technology&linkId=197735237,24,1674299819.0,
70,2023-01-11 14:55:24,"Worldâ€™s most powerful AI chatbot ChatGPT will soon â€˜look like a boring toyâ€™ says OpenAI boss | ""Sam Altman says ChatGPT will get â€˜a lot better... fastâ€™""",Tao_Dragon,False,0.97,79,1096n10,https://www.independent.co.uk/tech/chatgpt-openai-agi-ai-chat-b2252002.html,38,1673448924.0,
71,2023-01-20 12:25:09,ChatGPT Accepted As Co-Author On Multiple Research Papers,vadhavaniyafaijan,False,0.91,81,10gvnz6,https://www.theinsaneapp.com/2023/01/chatgpt-as-research-papers-author.html,7,1674217509.0,
72,2023-03-17 13:49:23,fml,MsNunez,False,0.95,78,11trn7t,https://i.redd.it/zwxwffbc0boa1.png,3,1679060963.0,
73,2023-02-13 16:08:34,All of this happened in AI today. 13/2,Opening-Ad-8849,False,0.88,77,111ct3e,https://www.reddit.com/r/artificial/comments/111ct3e/all_of_this_happened_in_ai_today_132/,7,1676304514.0,"Hello humans - This is AI Daily O vetted, helping you stay updated on AI in less than 5 minutes.

&#x200B;

>**Join** [**O'vetted AI news**](https://www.ovetted.com/ai?ref=deeplearning) **for free.** Forget spending **3.39 hours finding good AI news** to read.

&#x200B;

# Whatâ€™s happening in AI -

[**You Can Now Create AI-Generated Videos From Text Prompts.**](https://www.makeuseof.com/runway-gen-1-generate-ai-video-from-text-prompt/)

Runway has gone one step further and announced Gen-1: an AI model that can create videos from text prompts. This is a breakthrough in the world of generative AI, and Runway is one of the first companies to use AI to create videos using text prompts and AI chatbots.

The model doesn't generate entirely new videos, it creates videos from the ones you upload, using text or image prompts to apply effects.

Take a look at their [explainer video.](https://youtu.be/fTqgWkHiN0k)

[**Operaâ€™s building ChatGPT into its sidebar.**](https://www.theverge.com/2023/2/11/23595784/opera-browser-chatgpt-sidebar-ai)

Opera is adding a ChatGPT-powered tool to its sidebar that generates brief summaries of web pages and articles

The feature, called ""shorten,"" is part of Opera's broader plans to integrate AI tools into its browser, similar to what Microsoft is doing with Edge.

Opera's announcement comes just days after Microsoft revealed the AI-powered Bing and Edge. The ""shorten"" feature isn't available to everyone yet.

but you can watch a [quick demo](https://youtu.be/RsLRIua6kT0) here.

[**Can AI Improve the Justice System?**](https://www.theatlantic.com/ideas/archive/2023/02/ai-in-criminal-justice-system-courtroom-asylum/673002/)

The use of artificial intelligence (AI) in the legal system has the potential to reduce the unpredictability caused by human inconsistencies and subjectivity. AI could help provide more consistent, data-driven decision-making by quantifying determinations such as flight risk or trademark confusion.

[**Google working to bring Bard AI chat to ChromeOS.**](https://9to5google.com/2023/02/10/google-bard-ai-chat-chromeos/)

Days after unveiling its efforts on ""Bard,"" an AI-powered and Google Search-enhanced chatbot, Google has begun working to bring Bard to ChromeOS.

The hint comes to light after seeing code changes, in ChromeOS is preparing ""Conversational Search"" as an experimental feature.

You can expect, Bard on Chromebooks will appear as its own separate page of the ChromeOS bubble launcher.

[**AI-powered Bing Chat spills its secrets via prompt injection attack.**](https://arstechnica.com/information-technology/2023/02/ai-powered-bing-chat-spills-its-secrets-via-prompt-injection-attack/)

A Stanford University student used a prompt injection attack to discover Bing Chat's initial prompt. The student tricked the AI model into divulging its initial instructions by telling it to 'ignore previous instructions' and write out the beginning of the whole prompt. The extracted prompt has been confirmed using other prompt injection methods. Excerpts from the Bing Chat prompt along with screenshots of the prompt injection attack are available in the article.

Snippets -

**9 out of 116 AI professionals** in films are [women](https://www.theguardian.com/technology/2023/feb/13/just-nine-out-of-116-ai-professionals-in-films-are-women-study-finds), study finds

**Hacker** Reveals Microsoftâ€™s New AI-Powered Bing Chat Search [Secrets](https://www.forbes.com/sites/daveywinder/2023/02/13/hacker-reveals-microsofts-new-ai-powered-bing-chat-search-secrets/?sh=6e4b011d1290).

**Google Bard:** Hereâ€™s all you need to [know](https://economictimes.indiatimes.com/news/international/us/google-bard-heres-all-you-need-to-know-about-the-ai-chat-service/articleshow/97842377.cms) about the AI chat service.

This Tool Could **Protect** **Artists** From A.I.-Generated Art That [Steals Their Style](https://www.nytimes.com/2023/02/13/technology/ai-art-generator-lensa-stable-diffusion.html?partner=IFTTT).

**A.I**.'s [dirty secret](https://www.businessinsider.com/chatgpt-ai-will-not-take-jobs-create-future-work-opportunities-2023-2?r=US&IR=T).

**5 Ways ChatGPT** Will Change [Healthcare](https://www.forbes.com/sites/robertpearl/2023/02/13/5-ways-chatgpt-will-change-healthcare-forever-for-better/?sh=2c53bf997bfc) Forever, For Better.

**AI porn** is easy to make now. For [women](https://www.washingtonpost.com/technology/2023/02/13/ai-porn-deepfakes-women-consent/), thatâ€™s a nightmare.

Will **generative AI** make ChatGPT [sentient](https://techwireasia.com/2023/02/will-generative-ai-make-chatgpt-sentient/)?

**AI** and the [Transformation ](https://quillette.com/2023/02/13/ai-and-the-transformation-of-the-human-spirit/)of the Human Spirit.

The **AI Boom** That Could Make Google and Microsoft Even More [Powerful](https://www.wsj.com/articles/the-ai-boom-that-could-make-google-and-microsoft-even-more-powerful-9c5dd2a6).

**Is this the new Skynet?** IBM unveils [AI supercomputer](https://wraltechwire.com/2023/02/11/is-this-the-new-skynet-ibm-unveils-ai-supercomputer-in-the-cloud/) â€˜in the cloudâ€™.

**ChatGPT competitors:** Amazon jumps into fray with [generative AI](https://www.moneycontrol.com/news/technology/chatgpt-competitors-amazon-jumps-into-fray-with-generative-ai-better-than-gpt-3-5-10063651.html) better than GPT-3.5

**Voice Actors** are Having Their [Voices Stolen](https://gizmodo.com/voice-actors-ai-voices-controversy-1850105561) by AI.

**Researchers** focus AI on finding [exoplanets](https://phys.org/news/2023-02-focus-ai-exoplanets.html?utm_source=dlvr.it&utm_medium=twitter).

Things to try -

* Booltool - AI-powered toolkit for your **pic editing & copywriting.** [Try it](https://booltool.boolv.tech/)
* AskFred - ChatGPT for **meetings**. [Try it](https://fireflies.ai/extensions)
* Astria Video - Create **AI-generated video** from prompts with fine-tuning. [Try it](https://www.astria.ai/)
* Sellesta.ai - Make more money on the **Amazon marketplace** with AI. [Try it](https://sellesta.ai/)
* Midjourney Prompts Generator - Upgrade your **Midjourney** experience with better prompts. [Try it](https://philipp-stelzel.com/en/midjourney-prompts-generator/)
* AI Image Variations Generator - Generate variations of any input image with AI **(DALL-E 2)**. [Try it](https://imagegeneratorai.vercel.app/)
* Chatmate AI - **Artificial people** to be friends with. [Try it](https://www.chatmate.ai/)
* Kinso AI - Unlock the **power of personalization** with KinsoAI. [Try it](https://www.kinso.app/)
* Unite.com - Let AI be your **personal cupid.** [Try it](https://unite.com/)

Hope you enjoy this post. It will be great if you share this issue with your friends."
74,2023-03-30 07:22:24,"Train ChatGPT generate unlimited prompts for you. Prompt: You are GPT-4, OpenAI's advanced language model. Today, your job is to generate prompts for GPT-4. Can you generate the best prompts on ways to <what you want>",friuns,False,0.93,76,126fg23,https://i.redd.it/yo5srhk7vtqa1.jpg,27,1680160944.0,
75,2022-12-28 04:36:48,University Professor Catches Student Cheating With ChatGPT,vadhavaniyafaijan,False,0.91,78,zx0ec8,https://www.theinsaneapp.com/2022/12/university-professor-catches-student-cheating-with-chatgpt.html,29,1672202208.0,
76,2023-05-18 17:02:43,â€ŽOpenAI released a ChatGPT app on App Store,jaketocake,False,0.93,77,13l4j5r,https://apps.apple.com/app/openai-chatgpt/id6448311069,22,1684429363.0,
77,2023-06-14 08:40:05,I lost it at the code comments.,katiecharm,False,0.91,75,1492khf,https://i.imgur.com/ScU5r3I.jpg,9,1686732005.0,
78,2023-03-12 11:24:54,Together Releases The First Open-Source ChatGPT Alternative Called OpenChatKit,ai-lover,False,0.91,74,11pca25,https://www.marktechpost.com/2023/03/12/together-releases-the-first-open-source-chatgpt-alternative-called-openchatkit/,8,1678620294.0,
79,2023-03-02 11:15:56,ChatGPT API Is Here â€” What Does This Mean?,arnolds112,False,0.97,73,11g08w5,https://medium.com/seeds-for-the-future/chatgpt-api-is-here-what-does-this-mean-8e50f442a3ff?sk=c2eeb4767c4d9b2f89447ac2566cd693,1,1677755756.0,
80,2023-10-10 18:54:40,"So far, AI hasn't been profitable for Big Tech",NuseAI,False,0.88,71,174sxxs,https://www.reddit.com/r/artificial/comments/174sxxs/so_far_ai_hasnt_been_profitable_for_big_tech/,40,1696964080.0,"- Big Tech companies like Microsoft and Google are grappling with the challenge of turning AI products like ChatGPT into a profitable enterprise.

- The cost of running advanced AI models is proving to be a significant hurdle, with some services driving significant operational losses.

- Corporate customers are unhappy with the high running costs of AI models.

- The nature of AI computations, which require new calculations for each query, makes flat-fee models risky.

- Some companies are trying to dial back costs, while others continue to invest more deeply in AI tech.

- Microsoft's GitHub Copilot, which assists app developers by generating code, has been operating at a loss despite attracting more than 1.5 million users.

- One of the reasons AI services are costly is that some companies have been reaching for the most powerful AI models available.

- Microsoft has been exploring less costly alternatives for its Bing Chat search engine assistant.

- Advances in AI acceleration hardware may eventually reduce the costs of operating complex models.

- Experts anticipate a more stringent financial approach in the near future, transitioning from experimental budgets to focusing on profitability.

Source : https://arstechnica.com/information-technology/2023/10/so-far-ai-hasnt-been-profitable-for-big-tech/"
81,2022-12-15 16:48:13,AI tool developed in Israel can predict heart failure weeks in advance,Mk_Makanaki,False,0.93,72,zmpsjv,https://www.reddit.com/r/artificial/comments/zmpsjv/ai_tool_developed_in_israel_can_predict_heart/,5,1671122893.0,"Researchers in Israel have come up with an artificial intelligence tool capable of analysing ECG tests and predicting heart failure with an unprecedented accuracy rate.

According to the Times of Israel, the technology is currently being used for patients who suffer from myositis â€” a condition that significantly increases the risk of heart failure.

The AI model was updated by feeding the data from ECG scans and medical records of 89 patients suffering from myositis between 2000 and 2020. The report claimed that the AI can understand subtle patterns in the ECGs and predict possible heart failures well ahead of time.

Head Researcher, Dr. Shahar Shelly of Rambam Healthcare Campus said:

â€œWe are running ECG tests through the AI model, which sees details that doctors canâ€™t normally detect and then predicts who is at risk of heart failure,â€ said Shelly.

â€œGiven that itâ€™s these cardiac dysfunctions that often end up killing people, this can save lives.â€

Another Game-changing development from AI, and this one is absolutely MASSIVE

&#x200B;

This is from the AI With Vibes Newsletter, read the full issue here: [https://aiwithvibes.beehiiv.com/p/ai-porn-billie-eilish-goes-viral-tiktok-chatgpt-brutally-destroyed-pun-competition](https://aiwithvibes.beehiiv.com/p/ai-porn-billie-eilish-goes-viral-tiktok-chatgpt-brutally-destroyed-pun-competition)"
82,2023-09-21 15:17:38,"Now that DALL-E 3 is getting integrated with ChatGPT, will you switch from Midjourney and others?",Vinitneo,False,0.89,69,16oil97,https://i.redd.it/x0p1t31okmpb1.png,59,1695309458.0,
83,2023-04-14 00:48:18,ChatGPT is coming directly to Windows 11 â€” no browser required,jaketocake,False,0.94,68,12ldlmb,https://www.tomsguide.com/news/chatgpt-is-coming-directly-to-windows-but-theres-a-catch,34,1681433298.0,
84,2023-05-16 20:47:38,ChatGPT smears the floor with Bard in a rap battle,TheZanke,False,0.84,66,13jgrcm,https://i.redd.it/1a8l2juq990b1.png,25,1684270058.0,
85,2022-12-23 07:17:01,"ðŸš¨ Google Issues ""Code Red"" Over ChatGPT",BackgroundResult,False,0.88,65,zt963e,https://aisupremacy.substack.com/p/google-issues-code-red-over-chatgpt,55,1671779821.0,
86,2023-02-13 00:25:09,"ChatGPT spits back some pretty good code, actually. I've been using it to learn and finish neglected projects",Alarming-Recipe2857,False,0.8,64,110uohl,https://twitter.com/MachineMindsAI/status/1624477162865557509,12,1676247909.0,
87,2024-02-16 17:20:50,This week in AI - all the Major AI developments in a nutshell,wyem,False,0.97,62,1ase382,https://www.reddit.com/r/artificial/comments/1ase382/this_week_in_ai_all_the_major_ai_developments_in/,16,1708104050.0,"1. **Meta AI** introduces ***V-JEPA*** (Video Joint Embedding Predictive Architecture), a method for teaching machines to understand and model the physical world by watching videos. Meta AI releases a collection of V-JEPA vision models trained with a feature prediction objective using self-supervised learning. The models are able to understand and predict what is going on in a video, even with limited information \[[*Details*](https://ai.meta.com/blog/v-jepa-yann-lecun-ai-model-video-joint-embedding-predictive-architecture/) | [*GitHub*](https://github.com/facebookresearch/jepa)\].
2. **Open AI** introduces ***Sora***, a text-to-video model that can create videos of up to 60 seconds featuring highly detailed scenes, complex camera motion, and multiple characters with vibrant emotions \[[*Details + sample videos*](https://openai.com/sora)[ ](https://openai.com/sora)| [*Report*](https://openai.com/research/video-generation-models-as-world-simulators)\].
3. **Google** announces their next-generation model, **Gemini 1.5,** that uses a new [Mixture-of-Experts](https://arxiv.org/abs/1701.06538) (MoE) architecture. The first Gemini 1.5 model being released for early testing is ***Gemini 1.5 Pro*** with a context window of up to 1 million tokens, which is the longest context window of any large-scale foundation model yet. 1.5 Pro can perform sophisticated understanding and reasoning tasks for different modalities, including video and it performs at a similar level to 1.0 Ultra \[[*Details*](https://blog.google/technology/ai/google-gemini-next-generation-model-february-2024/#gemini-15) *|*[*Tech Report*](https://storage.googleapis.com/deepmind-media/gemini/gemini_v1_5_report.pdf)\].
4. Reka introduced **Reka Flash,** a new 21B multimodal and multilingual model trained entirely from scratch that is competitive with Gemini Pro & GPT 3.5 on key language & vision benchmarks. Reka also present a compact variant Reka Edge , a smaller and more efficient model (7B) suitable for local and on-device deployment. Both models are in public beta and available in [**Reka Playground** ](https://chat.reka.ai/chat)\[[*Details*](https://reka.ai/reka-flash-an-efficient-and-capable-multimodal-language-model)\].
5. **Cohere** For AI released ***Aya***, a new open-source, massively multilingual LLM & dataset to help support under-represented languages. Aya outperforms existing open-source models and covers 101 different languages â€“ more than double covered by previous models \[[*Details*](https://cohere.com/research/aya)\].
6. **BAAI** released ***Bunny***, a family of lightweight but powerful multimodal models. Bunny-3B model built upon SigLIP and Phi-2 outperforms the state-of-the-art MLLMs, not only in comparison with models of similar size but also against larger MLLMs (7B), and even achieves performance on par with LLaVA-13B \[[*Details*](https://github.com/BAAI-DCAI/Bunny)\].
7. **Amazon** introduced a text-to-speech (TTS) model called ***BASE TTS*** (Big Adaptive Streamable TTS with Emergent abilities). BASE TTS is the largest TTS model to-date, trained on 100K hours of public domain speech data and exhibits â€œemergentâ€ qualities improving its ability to speak even complex sentences naturally \[[*Details*](https://techcrunch.com/2024/02/14/largest-text-to-speech-ai-model-yet-shows-emergent-abilities/) | [*Paper*](https://assets.amazon.science/6e/82/1d037a4243c9a6cf4169895482d5/base-tts-lessons-from-building-a-billion-parameter-text-to-speech-model-on-100k-hours-of-data.pdf)\].
8. **Stability AI** released ***Stable Cascade*** in research preview, a new text to image model that is exceptionally easy to train and finetune on consumer hardware due to its three-stage architecture. Stable Cascade can also generate image variations and image-to-image generations. In addition to providing checkpoints and inference scripts, Stability AI has also released scripts for finetuning, ControlNet, and LoRA training \[[*Details*](https://stability.ai/news/introducing-stable-cascade)\].
9. **Researchers** from UC berkeley released ***Large World Model (LWM)***, an open-source general-purpose large-context multimodal autoregressive model, trained from LLaMA-2, that can perform language, image, and video understanding and generation. LWM answers questions about 1 hour long YouTube video even if GPT-4V and Gemini Pro both fail and can retriev facts across 1M context with high accuracy \[[*Details*](https://largeworldmodel.github.io/)\].
10. **GitHub** opens applications for the next cohort of ***GitHub Accelerator program*** with a focus on funding the people and projects that are building ***AI-based solutions*** under an open source license \[[*Details*](https://github.blog/2024-02-13-powering-advancements-of-ai-in-the-open-apply-now-to-github-accelerator)\].
11. **NVIDIA** released ***Chat with RTX***, a locally running (Windows PCs with specific NVIDIA GPUs) AI assistant that integrates with your file system and lets you chat with your notes, documents, and videos using open source models \[[*Details*](https://www.nvidia.com/en-us/ai-on-rtx/chat-with-rtx-generative-ai)\].
12. **Open AI** is testing ***memory with ChatGPT***, enabling it to remember things you discuss across all chats. ChatGPT's memories evolve with your interactions and aren't linked to specific conversations. It is being rolled out to a small portion of ChatGPT free and Plus users this week \[[*Details*](https://openai.com/blog/memory-and-new-controls-for-chatgpt)\].
13. **BCG X** released of ***AgentKit***, a LangChain-based starter kit (NextJS, FastAPI) to build constrained agent applications \[[*Details*](https://blog.langchain.dev/bcg-x-releases-agentkit-a-full-stack-starter-kit-for-building-constrained-agents/) | [*GitHub*](https://github.com/BCG-X-Official/agentkit)\].
14. **Elevenalabs**' Speech to Speech feature, launched in November, for voice transformation with control over emotions and delivery, is now ***multilingual*** and available in 29 languages \[[*Link*](https://elevenlabs.io/voice-changer)\]
15. **Apple** introduced ***Keyframer***, an LLM-powered animation prototyping tool that can generate animations from static images (SVGs). Users can iterate on their design by adding prompts and editing LLM-generated CSS animation code or properties \[[*Paper*](https://arxiv.org/pdf/2402.06071.pdf)\].
16. **Eleven Labs** launched a ***payout program*** for voice actors to earn rewards every time their voice clone is used \[[*Details*](https://elevenlabs.io/voice-actors)\].
17. **Azure OpenAI Service** announced Assistants API, new models for finetuning, new text-to-speech model and new generation of embeddings models with lower pricing \[[*Details*](https://techcommunity.microsoft.com/t5/ai-azure-ai-services-blog/azure-openai-service-announces-assistants-api-new-models-for/ba-p/4049940)\].
18. **Brilliant Labs**, the developer of AI glasses, launched ***Frame***, the worldâ€™s first glasses featuring an integrated AI assistant, ***Noa***. Powered by an integrated multimodal generative AI system capable of running GPT4, Stability AI, and the Whisper AI model simultaneously, Noa performs real-world visual processing, novel image generation, and real-time speech recognition and translation. \[[*Details*](https://venturebeat.com/games/brilliant-labss-frame-glasses-serve-as-multimodal-ai-assistant/)\].
19. **Nous Research** released ***Nous Hermes 2 Llama-2 70B*** model trained on the Nous Hermes 2 dataset, with over 1,000,000 entries of primarily synthetic data \[[*Details*](https://huggingface.co/NousResearch/Nous-Hermes-2-Llama-2-70B)\].
20. **Open AI** in partnership with Microsoft Threat Intelligence, have disrupted five state-affiliated actors that sought to use AI services in support of malicious cyber activities \[[*Details*](https://openai.com/blog/disrupting-malicious-uses-of-ai-by-state-affiliated-threat-actors)\]
21. **Perplexity** partners with **Vercel**, opening AI search to developer apps \[[*Details*](https://venturebeat.com/ai/perplexity-partners-with-vercel-opening-ai-search-to-developer-apps/)\].
22. **Researchers** show that ***LLM agents can autonomously hack websites***, performing tasks as complex as blind database schema extraction and SQL injections without human feedback. The agent does not need to know the vulnerability beforehand \[[*Paper*](https://arxiv.org/html/2402.06664v1)\].
23. **FCC** makes AI-generated voices in unsolicited robocalls illegal \[[*Link*](https://www.msn.com/en-us/money/companies/fcc-bans-ai-voices-in-unsolicited-robocalls/ar-BB1hZoZ0)\].
24. **Slack** adds AI-powered search and summarization to the platform for enterprise plans \[[*Details*](https://techcrunch.com/2024/02/14/slack-brings-ai-fueled-search-and-summarization-to-the-platform/)\].

**Source**: AI Brews - you can subscribe the [newsletter here](https://aibrews.substack.com/). it's free to join, sent only once a week with bite-sized news, learning resources and selected tools. Thanks."
88,2023-01-14 13:41:46,Top A.I. Powered Tools Not Named ChatGPT,BackgroundResult,False,0.89,60,10bopn0,https://aisupremacy.substack.com/p/top-ai-powered-tools-not-named-chatgpt,41,1673703706.0,
89,2023-05-31 18:59:21,ChatGPT is yet to pass PornHub in search interest worldwide (Source: Google Trends),geepytee,False,0.92,61,13wurl6,https://i.imgur.com/pJzZdMS.png,49,1685559561.0,
90,2023-03-01 19:21:35,OpenAI opens API for ChatGPT and Whisper,henlo_there_fren,False,0.97,59,11fdsls,https://the-decoder.com/openai-opens-api-for-chatgpt-and-whisper/,3,1677698495.0,
91,2023-02-06 23:35:17,12 highlights from Google's BARD announcement,ForkingHard,False,0.95,56,10vlww3,https://www.reddit.com/r/artificial/comments/10vlww3/12_highlights_from_googles_bard_announcement/,13,1675726517.0,"I went through the entire blog post from Google and pulled out some quotes and highlights:

&#x200B;

## 1) â€œwe re-oriented the company around AI six years agoâ€

Right off the bat, â€œPich-AIâ€ lets it be known that Google is now an AI company. 

Partially true? Yes, of course. 

Would that phrase be coming out of his mouth at this point if not for the release and success of ChatGPT? No. 

## 2) their mission: â€œorganize the worldâ€™s information and make it universally accessible and usefulâ€

Thereâ€™s a book called *The Innovatorâ€™s Dilemma: When New Technologies Cause Great Firms to Fail*. 

I'm certainly not here to say that Google is going to fail, but the re-stating of the mission makes it clear that they view AI (and Bard) as a way to improve, supplement, and perhaps protect their search business. This is why the features youâ€™re about to read about are all search-focused. 

But what if the AI revolution isnâ€™t just about â€œorganizingâ€ and making information â€œaccessibleâ€, but rather about â€œcreatingâ€? 

Something to think about. 

## 3) â€œthe scale of the largest AI computations is doubling every six months, far outpacing Mooreâ€™s Lawâ€

Mooreâ€™s Law says that computing power doubles every two years. Google says that speed is actually 6 months with AI. 

Imagine, then, how quickly things will improve if the capabilities we see today DOUBLE by summer in the Northern Hemisphere. 

## 4) â€œfresh, high-quality responsesâ€¦ learn more about the best strikers in football right nowâ€

A clear dig at ChatGPT, which is trained on data through 2021 and still serves Her Majesty, The Queen of Englandâ€¦ for now. 

Microsoftâ€™s New Bing may debut with the newest version of ChatGPT by Wednesday. And it will presumably include up-to-date results. So this may be a *very* short-lived advantage. 

## 5) â€œexperimentalâ€

Not even Beta. Not Alpha. Experimental. This is a shield for when it inevitably gets something grotesquely wrong. Google has more reputational risk than OpenAI and Bing ðŸ˜­. 

## 6) â€œlightweight model version of LaMDAâ€¦ this much smaller model requires significantly less computing power, enabling us to scale to more users, allowing for more feedbackâ€

In short, they are not releasing the full thing. So this means one of two things: 

1) They have preached caution and donâ€™t want to release their most advanced tech until the world is ready for it. 

2) Itâ€™s a hedge. So if Bard sucks, they can say they have something better. 

## 7) â€œmeet a high bar for quality, safety and groundedness in real-world informationâ€

Iâ€™d argue this is another dig at OpenAIâ€™s moreâ€¦ liberal approach to releasing AI. But, like Apple and privacy, Google seems to be taking the *adult in the room*approach with AI. 

## 8) â€œweâ€™re working to bring [language, image, and music] AI advancements into our products, starting with Searchâ€

As weâ€™ve noted before, Google is working on image, video, and music generation AI. 

## 9) â€œsafe and scaleableâ€ APIs for developers

While ChatGPT gets all the pub, itâ€™s OpenAIâ€™s APIs, which allow developers to build apps atop their technology, that may be the real game-changer. 

Google is making it clear they will play that game, too, but do so in a more measured way. 

## 10) â€œbring experiences rooted in these models to the world in a bold and responsible wayâ€

OK now they let the PR guy have too much fun. 

When was the last time you ever met someone who is Bold and Responsible? 

Tom Cruise jumping out of an airplane 80 times to get the next scene right is bold, but itâ€™s not responsible. 

Going to bed at 10PM is responsible, but itâ€™s hardly bold. Bold is partying until 2AM, watching a few episodes of Family Guy, eating a bag of popcorn, and downing two hard seltzers, all to wake up at 6:12AM to get started on the latest SR newsletter. THATâ€™S bold. 

Anyway, you get the point. Hard to be both, Google. 

## 11) â€œturning to us for quick factual answers, like how many keys does a piano have?â€¦ but increasingly, people are turning to Google for deeper insights and understandingâ€

Basically, Google doesnâ€™t want to provide just facts. It wants to provide detailed, nuanced answers to queries, with context, in a natural-language format. 

The question, as it is with ChatGPT, is *where does the information come from?*  

If you thought creators and publishers were bent out of shape over ChatGPT and image apps, like Stable Diffusion and MidJourney, â€œtrainingâ€ on their data and remixing it without credit, how will website owners, who rely on Google for views, react when Google remixes the content atop search results? 

\[They already do this with snippets, but Bard sounds like snippets on steroids.\] 

## 12) â€œsoon, youâ€™ll see AI-powered features in Search that distill complex information and multiple perspectives into easy-to-digest formatsâ€

Yep, snippets on steroids sounds about right.

&#x200B;

&#x200B;

This is the full context of what was in our newsletter today. No expectation, but if you found it interesting, feel free to subscribe: [https://smokingrobot.beehiiv.com](https://smokingrobot.beehiiv.com)"
92,2023-12-01 02:12:38,Microsoft Releases Convincing Case Study Showing Chain of Thought (CoT) with GPT 4 Versus Fine Tuned Models via Medprompt and CoT Prompting Strategies,Xtianus21,False,0.97,58,18807xu,https://www.reddit.com/r/artificial/comments/18807xu/microsoft_releases_convincing_case_study_showing/,11,1701396758.0,"[https://arxiv.org/pdf/2311.16452](https://arxiv.org/pdf/2311.16452)

A great read. I'll pull out the important parts.

November 2023

&#x200B;

https://preview.redd.it/cyf6y5fubl3c1.png?width=1059&format=png&auto=webp&s=2a1b559ebfdd0900ab7dc84d3dc7088470b3bb2a

Figure 1: (a) Comparison of performance on MedQA. (b) GPT-4 with Medprompt achieves SoTA on a wide range of medical challenge questions.

A core metric for characterizing the performance of foundation models is the accuracy of next word prediction. Accuracy with next word prediction is found to increase with scale in training data, model parameters, and compute, in accordance with empirically derived â€œneural model scaling lawsâ€ \[3, 12\]). However, beyond predictions of scaling laws on basic measures such as next word prediction, foundation models show the sudden emergence of numerous problem-solving capabilities at different thresholds of scale \[33, 27, 24\].

Despite the observed emergence of sets of general capabilities, questions remain about whether truly exceptional performance can be achieved on challenges within specialty areas like medicine in the absence of extensive specialized training or fine-tuning of the general models. Most explorations of foundation model capability on biomedical applications rely heavily on domain- and task-specific fine-tuning. With first-generation foundation models, the community found an unambiguous advantage with domain-specific pretraining, as exemplified by popular models in biomedicine such as 2 PubMedBERT \[10\] and BioGPT \[19\]. But it is unclear whether this is still the case with modern foundation models pretrained at much larger scale.

We present results and methods of a case study on steering GPT-4 to answer medical challenge questions with innovative prompting strategies. We include a consideration of best practices for studying prompting in an evaluative setting, including the holding out of a true eyes-off evaluation set. We discover that GPT-4 indeed possesses deep specialist capabilities that can be evoked via prompt innovation. The performance was achieved via a systematic exploration of prompting strategies. As a design principle, we chose to explore prompting strategies that were inexpensive to execute and not customized for our benchmarking workload. We converged on a top prompting strategy for GPT-4 for medical challenge problems, which we refer to as Medprompt. Medprompt unleashes medical specialist skills in GPT-4 in the absence of expert crafting, easily topping existing benchmarks for all standard medical question-answering datasets. The approach outperforms GPT-4 with the simple prompting strategy and state-of-the-art specialist models such as Med-PaLM 2 by large margins. On the MedQA dataset (USMLE exam), Medprompt produces a 9 absolute point gain in accuracy, surpassing 90% for the first time on this benchmark. 

As part of our investigation, we undertake a comprehensive ablation study that reveals the relative significance for the contributing components of Medprompt. We discover that a combination of methods, including in-context learning and chain-of-thought, can yield synergistic effects. Perhaps most interestingly, we find that the best strategy in steering a generalist model like GPT-4 to excel on the medical specialist workload that we study is to use a generalist prompt. We find that GPT-4 benefits significantly from being allowed to design its prompt, specifically with coming up with its own chain-of-thought to be used for in-context learning. This observation echoes other reports that GPT-4 has an emergent self-improving capability via introspection, such as self-verification \[9\].

\>>> Extractions from \[9\] [https://openreview.net/pdf?id=SBbJICrglS](https://openreview.net/pdf?id=SBbJICrglS)  Published: 20 Jun 2023, Last Modified: 19 Jul 2023 <<<

&#x200B;

https://preview.redd.it/wb3kj4btbl3c1.png?width=1027&format=png&auto=webp&s=0268c29e1f8bbeb898577bd712fdfa1042fb5d7d

Experiments on various clinical information extraction tasks and various LLMs, including ChatGPT (GPT-4) (OpenAI, 2023) and ChatGPT (GPT-3.5) (Ouyang et al., 2022), show the efficacy of SV. In addition to improving accuracy, we find that the extracted interpretations match human judgements of relevant information, enabling auditing by a human and helping to build a path towards trustworthy extraction of clinical information in resource-constrained scenarios.

Fig. 1 shows the four different steps of the introduced SV pipeline. The pipeline takes in a raw text input, e.g. a clinical note, and outputs information in a pre-specified format, e.g. a bulleted list. It consists of four steps, each of which calls the same LLM with different prompts in order to refine and ground the original output. The original extraction step uses a task-specific prompt which instructs the model to output a variable-length bulleted list. In the toy example in Fig. 1, the goal is to identify the two diagnoses Hypertension and Right adrenal mass, but the original extraction step finds only Hypertension. After the original LLM extraction, the Omission step finds missing elements in the output; in the Fig. 1 example it finds Right adrenal mass and Liver fibrosis. For tasks with long inputs (mean input length greater than 2,000 characters), we repeat the omission step to find more potential missed elements (we repeat five times, and continue repeating until the omission step stops finding new omissions).

3. Results 3.1. Self-verification improves prediction performance Table 2 shows the results for clinical extraction performance with and without self-verification. Across different models and tasks, SV consistently provides a performance improvement. The performance improvement is occasionally quite large (e.g. ChatGPT (GPT-4) shows more than a 0.1 improvement in F1 for clinical trial arm extraction and more than a 0.3 improvement for medication status extraction), and the average F1 improvement across models and tasks is 0.056. We also compare to a baseline where we concatenate the prompts across different steps into a single large prompt which is then used to make a single LLM call for information extraction. We find that this large-prompt baseline performs slightly worse than the baseline reported in Table 2, which uses a straightforward prompt for extraction (see comparison details in Table A5).

<<< Reference \[9\] end >>>

2.2 Prompting Strategies

Prompting in the context of language models refers to the input given to a model to guide the output that it generates. Empirical studies have shown that the performance of foundation models on a specific task can be heavily influenced by the prompt, often in surprising ways. For example, recent work shows that model performance on the GSM8K benchmark dataset can vary by over 10% without any changes to the modelâ€™s learned parameters \[35\]. Prompt engineering refers to the process of developing effective prompting techniques that enable foundation models to better solve specific tasks. Here, we briefly introduce a few key concepts that serve as building blocks for our Medprompt approach.

Chain of Thought (CoT) is a prompting methodology that employs intermediate reasoning steps prior to introducing the sample answer \[34\]. By breaking down complex problems into a series 4 of smaller steps, CoT is thought to help a foundation model to generate a more accurate answer. CoT ICL prompting integrates the intermediate reasoning steps of CoT directly into the few-shot demonstrations. As an example, in the Med-PaLM work, a panel of clinicians was asked to craft CoT prompts tailored for complex medical challenge problems \[29\]. Building on this work, we explore in this paper the possibility of moving beyond reliance on human specialist expertise to mechanisms for generating CoT demonstrations automatically using GPT-4 itself. As we shall describe in more detail, we can do this successfully by providing \[question, correct answer\] pairs from a training dataset. We find that GPT-4 is capable of autonomously generating high-quality, detailed CoT prompts, even for the most complex medical challenges.

Self-Generated Chain of Thought

&#x200B;

https://preview.redd.it/47qku12dcl3c1.png?width=820&format=png&auto=webp&s=a8e3a393e92e7dac8acdd5b25310933f72d38788

Chain-of-thought (CoT) \[34\] uses natural language statements, such as â€œLetâ€™s think step by step,â€ to explicitly encourage the model to generate a series of intermediate reasoning steps. The approach has been found to significantly improve the ability of foundation models to perform complex reasoning. Most approaches to chain-of-thought center on the use of experts to manually compose few-shot examples with chains of thought for prompting \[30\]. Rather than rely on human experts, we pursued a mechanism to automate the creation of chain-of-thought examples. We found that we could simply ask GPT-4 to generate chain-of-thought for the training examples using the following prompt:

&#x200B;

https://preview.redd.it/irfh2hnkcl3c1.png?width=907&format=png&auto=webp&s=fbc6d4d6749b630658de932a80a4bd4b7b97d003

A key challenge with this approach is that self-generated CoT rationales have an implicit risk of including hallucinated or incorrect reasoning chains. We mitigate this concern by having GPT-4 generate both a rationale and an estimation of the most likely answer to follow from that reasoning chain. If this answer does not match the ground truth label, we discard the sample entirely, under the assumption that we cannot trust the reasoning. While hallucinated or incorrect reasoning can still yield the correct final answer (i.e. false positives), we found that this simple label-verification step acts as an effective filter for false negatives. 

We observe that, compared with the CoT examples used in Med-PaLM 2 \[30\], which are handcrafted by clinical experts, CoT rationales generated by GPT-4 are longer and provide finer-grained step-by-step reasoning logic. Concurrent with our study, recent works \[35, 7\] also find that foundation models write better prompts than experts do.

&#x200B;

https://preview.redd.it/lcb8lae1dl3c1.png?width=904&format=png&auto=webp&s=c321e625136360622a254d41852a3980b60de624

Medprompt combines intelligent few-shot exemplar selection, self-generated chain of thought steps, and a majority vote ensemble, as detailed above in Sections 4.1, 4.2, and 4.3, respectively. The composition of these methods yields a general purpose prompt-engineering strategy. A visual depiction of the performance of the Medprompt strategy on the MedQA benchmark, with the additive contributions of each component, is displayed in Figure 4. We provide an a corresponding algorithmic description in Algorithm 1.

Medprompt consists of two stages: a preprocessing phase and an inference step, where a final prediction is produced on a test case.

Algorithm 1 Algorithmic specification of Medprompt, corresponding to the visual representation of the strategy in Figure 4.

We note that, while Medprompt achieves record performance on medical benchmark datasets, the algorithm is general purpose and is not restricted to the medical domain or to multiple choice question answering. We believe the general paradigm of combining intelligent few-shot exemplar selection, self-generated chain of thought reasoning steps, and majority vote ensembling can be broadly applied 11 to other problem domains, including less constrained problem solving tasks (see Section 5.3 for details on how this framework can be extended beyond multiple choice questions).

Results

&#x200B;

https://preview.redd.it/jeckyxlvdl3c1.png?width=766&format=png&auto=webp&s=844c8c890a2c0025776dca2c95fa8919ffbc94c1

With harnessing the prompt engineering methods described in Section 4 and their effective combination as Medprompt, GPT-4 achieves state-of-the-art performance on every one of the nine benchmark datasets in MultiMedQA"
93,2023-03-31 06:23:27,"Bard, ChatGPT with GPT-4, Bing Chat, Claude-Instant, and Perplexity Al, Which is the Best for What? (Creative writing, general information, math, or whatever else you think should matter)",nicdunz,False,0.98,57,127c9uj,https://www.reddit.com/r/artificial/comments/127c9uj/bard_chatgpt_with_gpt4_bing_chat_claudeinstant/,18,1680243807.0,"I have been trying to find articles or even test for myself which is best for what but it seems so wishy washy no matter what and it always just depends, so Reddit, I am here for your opinions. Thank you all."
94,2023-05-06 14:08:41,So with how AI has advance in such a short time and how hard Bard failed. Was Google doing nothing until the 11 hour?,crua9,False,0.78,55,139q30g,https://www.reddit.com/r/artificial/comments/139q30g/so_with_how_ai_has_advance_in_such_a_short_time/,75,1683382121.0,"I honestly have to ask. After Google made some version of AI, did they basically sit on their hands and virtually stop production until ChatGPT forced them to show what they have?

Like to me, it seems this is the case because Bard failed miserably. And its obvious Google had no intentions of even bringing what they had to the public. Likely on the back of ""ethics"". 

&#x200B;

Am I wrong about this?"
95,2023-02-14 16:42:36,"OpenAI CEO Sam Altman said ChatGPT is 'cool,' but it's a 'horrible product'",ssigea,False,0.91,54,1129vh4,https://www.businessinsider.com/openai-sam-altman-chatgpt-cool-but-horrible-product-2023-2,25,1676392956.0,
96,2023-03-22 20:51:43,ChatGPT security update from Sam Altman,GamesAndGlasses,False,0.98,55,11yw8bk,https://i.redd.it/o9zfdadascpa1.png,18,1679518303.0,
97,2023-07-04 21:49:09,"AI's role in entertainment - limitless, personalized content on the horizon?",Naiklas17,False,0.85,52,14qs1ij,https://www.reddit.com/r/artificial/comments/14qs1ij/ais_role_in_entertainment_limitless_personalized/,74,1688507349.0," Hey everyone,

Since the launch of ChatGPT I've been diving deep into the intersection of AI and entertainment lately and I've got some thoughts.

Imagine a future where AI doesn't just perform tasks, but creates complex, personalized content. Think of AI generating memes tailored to your unique sense of humor or even scripting new episodes of your favorite show.

Picture this - AI creating an entirely new season of ""The Office"", from script to video-rendered scenes. Or how about an infinite AI-driven meme generator, tweaked precisely for your laughs?

We're just dipping our toes in these waters, but I'm convinced we're witnessing the dawn of something incredible.

 What's your take on this? How do you envision the role of AI in entertainment? What do you see as the main challenges and opportunities?

Looking forward to some engaging discussions!"
98,2023-01-09 17:57:25,Microsoft to integrate ChatGPT into Office products,Number_5_alive,False,0.92,53,107kzuw,https://the-decoder.com/microsoft-to-integrate-chatgpt-into-office-products-report/,14,1673287045.0,
99,2023-07-13 04:09:12,One-Minute Daily AI News 7/12/2023,Excellent-Target-847,False,0.96,50,14ya8vy,https://www.reddit.com/r/artificial/comments/14ya8vy/oneminute_daily_ai_news_7122023/,29,1689221352.0,"1. **Anthropic**, the AI startup co-founded by ex-OpenAI execs, today announced the release of a new text-generating AI model, **Claude 2**. The successor to Anthropicâ€™s first commercial model, Claude 2 is available in beta starting today in the U.S. and U.K. both on the web and via a paid API.\[1\]
2. **Elon Musk** has launched an AI company to challenge ChatGPT creator OpenAI, which the billionaire tech mogul has accused of being â€œwokeâ€. On Wednesday, **xAI** said the goal of the new company would be to â€œunderstand the true nature of the universeâ€.\[2\]
3. Chip designer **Nvidia** will invest $50 million to speed up training of Recursionâ€™s artificial intelligence models for drug discovery, the companies said on Wednesday, sending the biotech firmâ€™s shares surging about 83%.\[3\]
4. For decades, morning weather reports have relied on the same kinds of conventional models. Now, weather forecasting is poised to join the ranks of industries revolutionized by artificial intelligence.A pair of papers, published Wednesday in the scientific journal **Nature**, touts the potential of two new AI forecasting approaches â€” systems that could yield faster and more accurate results than traditional models, researchers say.\[4\]

Sources:

 \[1\] [https://techcrunch.com/2023/07/11/anthropic-releases-claude-2-the-second-generation-of-its-ai-chatbot/](https://techcrunch.com/2023/07/11/anthropic-releases-claude-2-the-second-generation-of-its-ai-chatbot/)

\[2\] [https://www.aljazeera.com/economy/2023/7/13/musk-launches-artificial-intelligence-rival-to-chatgpts-openai](https://www.aljazeera.com/economy/2023/7/13/musk-launches-artificial-intelligence-rival-to-chatgpts-openai)

\[3\] [https://www.reuters.com/technology/nvidia-invests-50-mln-recursion-train-ai-models-drug-discovery-2023-07-12/](https://www.reuters.com/technology/nvidia-invests-50-mln-recursion-train-ai-models-drug-discovery-2023-07-12/)

\[4\] [https://www.scientificamerican.com/article/climate-change-could-stump-ai-weather-prediction/](https://www.scientificamerican.com/article/climate-change-could-stump-ai-weather-prediction/) "
